{
  "name": "Email Response Monitor",
  "nodes": [
    {
      "parameters": {
        "rule": {
          "interval": [
            {
              "field": "cronExpression",
              "expression": "0 */2 * * *"
            }
          ]
        }
      },
      "id": "monitor-schedule",
      "name": "Check Every 2 Hours",
      "type": "n8n-nodes-base.scheduleTrigger",
      "typeVersion": 1.1,
      "position": [
        240,
        300
      ]
    },
    {
      "parameters": {
        "url": "https://api.apollo.io/v1/email_sequences",
        "method": "GET",
        "sendHeaders": true,
        "headerParameters": {
          "parameters": [
            {
              "name": "Content-Type",
              "value": "application/json"
            }
          ]
        },
        "sendQuery": true,
        "queryParameters": {
          "parameters": [
            {
              "name": "status",
              "value": "active"
            }
          ]
        }
      },
      "id": "get-active-sequences",
      "name": "Get Active Sequences",
      "type": "n8n-nodes-base.httpRequest",
      "typeVersion": 4.1,
      "position": [
        450,
        300
      ],
      "credentials": {
        "httpHeaderAuth": {
          "id": "apollo-api-key",
          "name": "Apollo API"
        }
      }
    },
    {
      "parameters": {
        "batchSize": 1,
        "options": {}
      },
      "id": "split-sequences",
      "name": "Process Each Sequence",
      "type": "n8n-nodes-base.splitInBatches",
      "typeVersion": 3,
      "position": [
        660,
        300
      ]
    },
    {
      "parameters": {
        "url": "=https://api.apollo.io/v1/email_sequences/{{$json[\"id\"]}}/stats",
        "method": "GET",
        "sendHeaders": true,
        "headerParameters": {
          "parameters": [
            {
              "name": "Content-Type",
              "value": "application/json"
            }
          ]
        }
      },
      "id": "get-sequence-stats",
      "name": "Get Sequence Stats",
      "type": "n8n-nodes-base.httpRequest",
      "typeVersion": 4.1,
      "position": [
        870,
        300
      ],
      "credentials": {
        "httpHeaderAuth": {
          "id": "apollo-api-key",
          "name": "Apollo API"
        }
      }
    },
    {
      "parameters": {
        "conditions": {
          "options": {
            "caseSensitive": true,
            "leftValue": "",
            "typeValidation": "strict"
          },
          "conditions": [
            {
              "id": "has-replies",
              "leftValue": "={{$json[\"replies\"]}}",
              "rightValue": "0",
              "operator": {
                "type": "number",
                "operation": "gt"
              }
            }
          ],
          "combinator": "or"
        },
        "options": {}
      },
      "id": "check-responses",
      "name": "Has Responses?",
      "type": "n8n-nodes-base.if",
      "typeVersion": 2,
      "position": [
        1080,
        300
      ]
    },
    {
      "parameters": {
        "url": "=https://api.apollo.io/v1/email_sequences/{{$node[\"Process Each Sequence\"].json[\"id\"]}}/stop",
        "method": "POST",
        "sendHeaders": true,
        "headerParameters": {
          "parameters": [
            {
              "name": "Content-Type",
              "value": "application/json"
            }
          ]
        }
      },
      "id": "stop-sequence",
      "name": "Stop Email Sequence",
      "type": "n8n-nodes-base.httpRequest",
      "typeVersion": 4.1,
      "position": [
        1290,
        220
      ],
      "credentials": {
        "httpHeaderAuth": {
          "id": "apollo-api-key",
          "name": "Apollo API"
        }
      }
    },
    {
      "parameters": {
        "resource": "task",
        "operation": "create",
        "subject": "=🎉 Response Received: {{$node[\"Process Each Sequence